{
    "$schema": "./node_modules/@angular/cli/lib/config/schema.json",
    "project": {
        "name": "pd-pro-angularcli"
    },
    "apps": [{
        "root": "src",
        "outDir": "dist",
        "assets": [
            "assets",
            "favicon.ico"
        ],
        "index": "index.html",
        "main": "main.ts",
        "polyfills": "polyfills.ts",
        "test": "test.ts",
        "tsconfig": "tsconfig.app.json",
        "testTsconfig": "tsconfig.spec.json",
        "prefix": "app",
        "styles": [
            "styles.css"
        ],
        "scripts": [
            "../node_modules/jquery/dist/jquery.js",
            "../node_modules/bootstrap/dist/js/bootstrap.js",
            "../node_modules/moment/moment.js",
            "../node_modules/chartist/dist/chartist.js",
            "../node_modules/twitter-bootstrap-wizard/jquery.bootstrap.wizard.js",
            "../node_modules/bootstrap-notify/bootstrap-notify.js",
            "../node_modules/easy-pie-chart/dist/jquery.easypiechart.js",
            "../node_modules/fullcalendar/dist/fullcalendar.js",
            "../src/assets/js/perfect-scrollbar.min.js",
            "../src/assets/js/jquery-jvectormap.js",
            "../node_modules/eonasdan-bootstrap-datetimepicker/src/js/bootstrap-datetimepicker.js",
            "../node_modules/nouislider/distribute/nouislider.min.js",
            "../node_modules/datatables.net/js/jquery.dataTables.js",
            "../node_modules/datatables.net-bs/js/dataTables.bootstrap.js",
            "../node_modules/datatables.net-responsive/js/dataTables.responsive.js",           "../node_modules/bootstrap-select/dist/js/bootstrap-select.js",
            "../node_modules/bootstrap-switch/dist/js/bootstrap-switch.js",
            "../node_modules/bootstrap-tagsinput/dist/bootstrap-tagsinput.js",
            "../node_modules/jasny-bootstrap/dist/js/jasny-bootstrap.min.js",
            "../src/assets/js/sweetalert2.js",
            "../src/assets/js/jquery.validate.min.js"

        ],
        "environmentSource": "environments/environment.ts",
        "environments": {
            "dev": "environments/environment.ts",
            "prod": "environments/environment.prod.ts"
        }
    }],
    "e2e": {
        "protractor": {
            "config": "./protractor.conf.js"
        }
    },
    "lint": [{
        "project": "src/tsconfig.app.json"
    },{
        "project": "src/tsconfig.spec.json"
    },{
        "project": "e2e/tsconfig.e2e.json"
    }],
    "test": {
        "karma": {
            "config": "./karma.conf.js"
        }
    },
    "defaults": {
        "styleExt": "css",
        "component": {}
    }
}
